generation,best_fitness,mean_fitness
0,84.0,15.5
1,89.0,29.233333333333334
2,1000.0,64.06666666666666
