generation,best_fitness,mean_fitness
0,63.0,13.733333333333333
1,140.0,25.966666666666665
2,1000.0,48.144444444444446
