generation,best_fitness,mean_fitness
0,78.0,13.028571428571428
1,65.0,16.942857142857143
2,1000.0,31.014285714285716
